"id","il","ilce","isim"
"1250","01 ADANA","Merkez","Adana İhtisas Vergi Dairesi Müdürlüğü"
"1251","01 ADANA","Merkez","5 Ocak Vergi Dairesi Müdürlüğü"
"1252","01 ADANA","Merkez","Yüreğir Vergi Dairesi Müdürlüğü"
"1253","01 ADANA","Merkez","Seyhan Vergi Dairesi Müdürlüğü"
"1254","01 ADANA","Merkez","Ziyapaşa Vergi Dairesi Müdürlüğü"
"1255","01 ADANA","Merkez","Çukurova Vergi Dairesi Müdürlüğü"
"1201","01 ADANA","Ceyhan","Ceyhan Vergi Dairesi Müdürlüğü"
"1203","01 ADANA","Kozan","Kozan Vergi Dairesi Müdürlüğü"
"1205","01 ADANA","Karataş","Karataş Vergi Dairesi Müdürlüğü"
"1103","01 ADANA","Feke","Feke Malmüdürlüğü"
"1105","01 ADANA","Karaisalı","Karaisalı Malmüdürlüğü"
"1109","01 ADANA","Pozantı","Pozantı Malmüdürlüğü"
"1110","01 ADANA","Saimbeyli","Saimbeyli Malmüdürlüğü"
"1111","01 ADANA","Tufanbeyli","Tufanbeyli Malmüdürlüğü"
"1112","01 ADANA","Yumurtalık","Yumurtalık Malmüdürlüğü"
"1114","01 ADANA","Aladağ","Aladağ Malmüdürlüğü"
"1115","01 ADANA","İmamoğlu","İmamoğlu Malmüdürlüğü"
"2260","02 ADIYAMAN","Merkez","Adıyaman Vergi Dairesi Müdürlüğü"
"2261","02 ADIYAMAN","Kahta","Kahta Vergi Dairesi Müdürlüğü"
"2101","02 ADIYAMAN","Besni","Besni Malmüdürlüğü"
"2102","02 ADIYAMAN","Çelikhan","Çelikhan Malmüdürlüğü"
"2103","02 ADIYAMAN","Gerger","Gerger Malmüdürlüğü"
"2104","02 ADIYAMAN","Gölbaşı","Gölbaşı Malmüdürlüğü"
"2106","02 ADIYAMAN","Samsat","Samsat Malmüdürlüğü"
"2107","02 ADIYAMAN","Sincik","Sincik Malmüdürlüğü"
"2108","02 ADIYAMAN","Tut","Tut Malmüdürlüğü"
"3201","03 AFYONKARAHİSAR","Merkez","Tınaztepe Vergi Dairesi Müdürlüğü"
"3280","03 AFYONKARAHİSAR","Merkez","Kocatepe Vergi Dairesi Müdürlüğü"
"3260","03 AFYONKARAHİSAR","Dinar","Dinar Vergi Dairesi Müdürlüğü"
"3261","03 AFYONKARAHİSAR","Bolvadin","Bolvadin Vergi Dairesi Müdürlüğü"
"3262","03 AFYONKARAHİSAR","Emirdağ","Emirdağ Vergi Dairesi Müdürlüğü"
"3263","03 AFYONKARAHİSAR","Sandıklı","Sandıklı Vergi Dairesi Müdürlüğü"
"3264","03 AFYONKARAHİSAR","İscehisar","İscehisar Vergi Dairesi Müdürlüğü"
"3202","03 AFYONKARAHİSAR","Çay","Çay Vergi Dairesi Müdürlüğü"
"3103","03 AFYONKARAHİSAR","Dazkırı","Dazkırı Malmüdürlüğü"
"3105","03 AFYONKARAHİSAR","İhsaniye","İhsaniye Malmüdürlüğü"
"3107","03 AFYONKARAHİSAR","Sinanpaşa","Sinanpaşa Malmüdürlüğü"
"3108","03 AFYONKARAHİSAR","Sultandağı","Sultandağı Malmüdürlüğü"
"3109","03 AFYONKARAHİSAR","Şuhut","Şuhut Malmüdürlüğü"
"3111","03 AFYONKARAHİSAR","Başmakçı","Başmakçı Malmüdürlüğü"
"3112","03 AFYONKARAHİSAR","Bayat","Bayat Malmüdürlüğü"
"3114","03 AFYONKARAHİSAR","Çobanlar","Çobanlar Malmüdürlüğü"
"3115","03 AFYONKARAHİSAR","Evciler","Evciler Malmüdürlüğü"
"3116","03 AFYONKARAHİSAR","Hocalar","Hocalar Malmüdürlüğü"
"3117","03 AFYONKARAHİSAR","Kızılören","Kızılören Malmüdürlüğü"
"4260","04 AĞRI","Merkez","Ağrı Vergi Dairesi Müdürlüğü"
"4261","04 AĞRI","Doğubeyazıt","Doğubeyazıt Vergi Dairesi Müdürlüğü"
"4262","04 AĞRI","Patnos","Patnos Vergi Dairesi Müdürlüğü"
"4101","04 AĞRI","Diyadin","Diyadin Malmüdürlüğü"
"4103","04 AĞRI","Eleşkirt","Eleşkirt Malmüdürlüğü"
"4104","04 AĞRI","Hamur","Hamur Malmüdürlüğü"
"4106","04 AĞRI","Taşlıçay","Taşlıçay Malmüdürlüğü"
"4107","04 AĞRI","Tutak","Tutak Malmüdürlüğü"
"5260","05 AMASYA","Merkez","Amasya Vergi Dairesi Müdürlüğü"
"5261","05 AMASYA","Merzifon","Merzifon Vergi Dairesi Müdürlüğü"
"5262","05 AMASYA","Gümüşhacıköy","Gümüşhacıköy Vergi Dairesi Müdürlüğü"
"5263","05 AMASYA","Taşova","Taşova Vergi Dairesi Müdürlüğü"
"5264","05 AMASYA","Suluova","Suluova Vergi Dairesi Müdürlüğü"
"5101","05 AMASYA","Göynücek","Göynücek Malmüdürlüğü"
"5106","05 AMASYA","Hamamözü","Hamamözü Malmüdürlüğü"
"6280","06 ANKARA","Merkez","Anadolu İhtisas Vergi Dairesi Müdürlüğü"
"6281","06 ANKARA","Merkez","Ankara İhtisas Vergi Dairesi Müdürlüğü"
"6252","06 ANKARA","Merkez","Veraset ve Harçlar Vergi Dairesi Müdürlüğü"
"6253","06 ANKARA","Merkez","Kavaklıdere Vergi Dairesi Müdürlüğü"
"6254","06 ANKARA","Merkez","Maltepe Vergi Dairesi Müdürlüğü"
"6255","06 ANKARA","Merkez","Yenimahalle Vergi Dairesi Müdürlüğü"
"6257","06 ANKARA","Merkez","Çankaya Vergi Dairesi Müdürlüğü"
"6258","06 ANKARA","Merkez","Kızılbey Vergi Dairesi Müdürlüğü"
"6259","06 ANKARA","Merkez","Mithatpaşa Vergi Dairesi Müdürlüğü"
"6260","06 ANKARA","Merkez","Ulus Vergi Dairesi Müdürlüğü"
"6261","06 ANKARA","Merkez","Yıldırım Beyazıt Vergi Dairesi Müdürlüğü"
"6262","06 ANKARA","Merkez","Seğmenler Vergi Dairesi Müdürlüğü"
"6264","06 ANKARA","Merkez","Dikimevi Vergi Dairesi Müdürlüğü"
"6265","06 ANKARA","Merkez","Doğanbey Vergi Dairesi Müdürlüğü"
"6266","06 ANKARA","Merkez","Yeğenbey Vergi Dairesi Müdürlüğü"
"6268","06 ANKARA","Merkez","Hitit Vergi Dairesi Müdürlüğü"
"6269","06 ANKARA","Merkez","Yahya Galip Vergi Dairesi Müdürlüğü"
"6270","06 ANKARA","Merkez","Muhammet Karagüzel Vergi Dairesi Müdürlüğü"
"6271","06 ANKARA","Merkez","Ostim Vergi Dairesi Müdürlüğü"
"6272","06 ANKARA","Merkez","Gölbaşı Vergi Dairesi Müdürlüğü"
"6273","06 ANKARA","Merkez","Sincan Vergi Dairesi Müdürlüğü"
"6274","06 ANKARA","Merkez","Dışkapı Vergi Dairesi Müdürlüğü"
"6275","06 ANKARA","Merkez","Etimesgut Vergi Dairesi Müdürlüğü"
"6276","06 ANKARA","Merkez","Başkent Vergi Dairesi Müdürlüğü"
"6277","06 ANKARA","Merkez","Cumhuriyet Vergi Dairesi Müdürlüğü"
"6278","06 ANKARA","Merkez","Keçiören Vergi Dairesi Müdürlüğü"
"6279","06 ANKARA","Merkez- (5216)","Kahramankazan Vergi Dairesi Müdürlüğü"
"6205","06 ANKARA","Polatlı","Polatlı Vergi Dairesi Müdürlüğü"
"6207","06 ANKARA","Şereflikoçhisar","Şereflikoçhisar Vergi Dairesi Müdürlüğü"
"6209","06 ANKARA","Beypazarı","Beypazarı Vergi Dairesi Müdürlüğü"
"6211","06 ANKARA","Merkez- (5216)","Çubuk Vergi Dairesi Müdürlüğü"
"6213","06 ANKARA","Haymana","Haymana Vergi Dairesi Müdürlüğü"
"6215","06 ANKARA","Merkez- (5216)","Elmadağ Vergi Dairesi Müdürlüğü"
"6102","06 ANKARA","Merkez- (5216)","Ayaş Malmüdürlüğü"
"6103","06 ANKARA","Merkez- (5216)","Balâ Malmüdürlüğü"
"6106","06 ANKARA","Çamlıdere","Çamlıdere Malmüdürlüğü"
"6110","06 ANKARA","Güdül","Güdül Malmüdürlüğü"
"6112","06 ANKARA","Merkez- (5216)","Kalecik Malmüdürlüğü"
"6115","06 ANKARA","Kızılcahamam","Kızılcahamam Malmüdürlüğü"
"6117","06 ANKARA","Nallıhan","Nallıhan Malmüdürlüğü"
"6125","06 ANKARA","Merkez- (5216)","Akyurt Malmüdürlüğü"
"6127","06 ANKARA","Evren","Evren Malmüdürlüğü"
"7251","07 ANTALYA","Merkez","Üçkapılar Vergi Dairesi Müdürlüğü"
"7252","07 ANTALYA","Merkez","Kalekapı Vergi Dairesi Müdürlüğü"
"7253","07 ANTALYA","Merkez","Muratpaşa Vergi Dairesi Müdürlüğü"
"7254","07 ANTALYA","Merkez","Düden Vergi Dairesi Müdürlüğü"
"7255","07 ANTALYA","Merkez","Antalya Kurumlar Vergi Dairesi Müdürlüğü"
"7256","07 ANTALYA","Merkez","Antalya İhtisas Vergi Dairesi Müdürlüğü"
"7257","07 ANTALYA","Korkuteli","Korkuteli Vergi Dairesi Müdürlüğü"
"7201","07 ANTALYA","Alanya","Alanya Vergi Dairesi Müdürlüğü"
"7202","07 ANTALYA","Serik","Serik Vergi Dairesi Müdürlüğü"
"7203","07 ANTALYA","Manavgat","Manavgat Vergi Dairesi Müdürlüğü"
"7204","07 ANTALYA","Elmalı","Elmalı Vergi Dairesi Müdürlüğü"
"7205","07 ANTALYA","Kemer","Kemer Vergi Dairesi Müdürlüğü"
"7206","07 ANTALYA","Kumluca","Kumluca Vergi Dairesi Müdürlüğü"
"7101","07 ANTALYA","Akseki","Akseki Malmüdürlüğü"
"7104","07 ANTALYA","Finike","Finike Malmüdürlüğü"
"7105","07 ANTALYA","Gazipaşa","Gazipaşa Malmüdürlüğü"
"7106","07 ANTALYA","Gündoğmuş","Gündoğmuş Malmüdürlüğü"
"7107","07 ANTALYA","Kaş","Kaş Malmüdürlüğü"
"7112","07 ANTALYA","Demre","Demre Malmüdürlüğü"
"7113","07 ANTALYA","İbradı","İbradı Malmüdürlüğü"
"8260","08 ARTVİN","Merkez","Artvin Vergi Dairesi Müdürlüğü"
"8261","08 ARTVİN","Hopa","Hopa Vergi Dairesi Müdürlüğü"
"8262","08 ARTVİN","Arhavi","Arhavi Vergi Dairesi Müdürlüğü"
"8101","08 ARTVİN","Ardanuç","Ardanuç Malmüdürlüğü"
"8103","08 ARTVİN","Borçka","Borçka Malmüdürlüğü"
"8105","08 ARTVİN","Şavşat","Şavşat Malmüdürlüğü"
"8106","08 ARTVİN","Yusufeli","Yusufeli Malmüdürlüğü"
"8107","08 ARTVİN","Murgul","Murgul Malmüdürlüğü"
"9201","09 AYDIN","Merkez","Efeler Vergi Dairesi Müdürlüğü"
"9280","09 AYDIN","Merkez","Güzelhisar Vergi Dairesi Müdürlüğü"
"9260","09 AYDIN","Nazilli","Nazilli Vergi Dairesi Müdürlüğü"
"9261","09 AYDIN","Söke","Söke Vergi Dairesi Müdürlüğü"
"9262","09 AYDIN","Çine","Çine Vergi Dairesi Müdürlüğü"
"9263","09 AYDIN","Germencik","Germencik Vergi Dairesi Müdürlüğü"
"9265","09 AYDIN","Kuşadası","Kuşadası Vergi Dairesi Müdürlüğü"
"9281","09 AYDIN","Didim","Didim Vergi Dairesi Müdürlüğü"
"9101","09 AYDIN","Bozdoğan","Bozdoğan Malmüdürlüğü"
"9104","09 AYDIN","Karacasu","Karacasu Malmüdürlüğü"
"9105","09 AYDIN","Koçarlı","Koçarlı Malmüdürlüğü"
"9107","09 AYDIN","Kuyucak","Kuyucak Malmüdürlüğü"
"9110","09 AYDIN","Sultanhisar","Sultanhisar Malmüdürlüğü"
"9111","09 AYDIN","Yenipazar","Yenipazar Malmüdürlüğü"
"9112","09 AYDIN","Buharkent","Buharkent Malmüdürlüğü"
"9113","09 AYDIN","İncirliova","İncirliova Malmüdürlüğü"
"9114","09 AYDIN","Karpuzlu","Karpuzlu Malmüdürlüğü"
"9115","09 AYDIN","Köşk","Köşk Malmüdürlüğü"
"10201","10 BALIKESİR","Merkez","Karesi Vergi Dairesi Müdürlüğü"
"10280","10 BALIKESİR","Merkez","Kurtdereli Vergi Dairesi Müdürlüğü"
"10260","10 BALIKESİR","Ayvalık","Ayvalık Vergi Dairesi Müdürlüğü"
"10261","10 BALIKESİR","Bandırma","Bandırma Vergi Dairesi Müdürlüğü"
"10262","10 BALIKESİR","Burhaniye","Burhaniye Vergi Dairesi Müdürlüğü"
"10263","10 BALIKESİR","Edremit","Edremit Vergi Dairesi Müdürlüğü"
"10264","10 BALIKESİR","Gönen","Gönen Vergi Dairesi Müdürlüğü"
"10265","10 BALIKESİR","Susurluk","Susurluk Vergi Dairesi Müdürlüğü"
"10266","10 BALIKESİR","Erdek","Erdek Vergi Dairesi Müdürlüğü"
"10267","10 BALIKESİR","Bigadiç","Bigadiç Vergi Dairesi Müdürlüğü"
"10268","10 BALIKESİR","Sındırgı","Sındırgı Vergi Dairesi Müdürlüğü"
"10269","10 BALIKESİR","Dursunbey","Dursunbey Vergi Dairesi Müdürlüğü"
"10102","10 BALIKESİR","Balya","Balya Malmüdürlüğü"
"10110","10 BALIKESİR","Havran","Havran Malmüdürlüğü"
"10111","10 BALIKESİR","İvrindi","İvrindi Malmüdürlüğü"
"10112","10 BALIKESİR","Kepsut","Kepsut Malmüdürlüğü"
"10113","10 BALIKESİR","Manyas","Manyas Malmüdürlüğü"
"10114","10 BALIKESİR","Savaştepe","Savaştepe Malmüdürlüğü"
"10117","10 BALIKESİR","Marmara","Marmara Malmüdürlüğü"
"10118","10 BALIKESİR","Gömeç","Gömeç Malmüdürlüğü"
"11260","11 BİLECİK","Merkez","Bilecik Vergi Dairesi Müdürlüğü"
"11261","11 BİLECİK","Bozüyük","Bozüyük Vergi Dairesi Müdürlüğü"
"11102","11 BİLECİK","Gölpazarı","Gölpazarı Malmüdürlüğü"
"11103","11 BİLECİK","Osmaneli","Osmaneli Malmüdürlüğü"
"11104","11 BİLECİK","Pazaryeri","Pazaryeri Malmüdürlüğü"
"11105","11 BİLECİK","Söğüt","Söğüt Malmüdürlüğü"
"11106","11 BİLECİK","Yenipazar","Yenipazar Malmüdürlüğü"
"11107","11 BİLECİK","İnhisar","İnhisar Malmüdürlüğü"
"12260","12 BİNGÖL","Merkez","Bingöl Vergi Dairesi Müdürlüğü"
"12101","12 BİNGÖL","Genç","Genç Malmüdürlüğü"
"12102","12 BİNGÖL","Karlıova","Karlıova Malmüdürlüğü"
"12103","12 BİNGÖL","Kiğı","Kiğı Malmüdürlüğü"
"12104","12 BİNGÖL","Solhan","Solhan Malmüdürlüğü"
"12105","12 BİNGÖL","Adaklı","Adaklı Malmüdürlüğü"
"12106","12 BİNGÖL","Yayladere","Yayladere Malmüdürlüğü"
"12107","12 BİNGÖL","Yedisu","Yedisu Malmüdürlüğü"
"13260","13 BİTLİS","Merkez","Bitlis Vergi Dairesi Müdürlüğü"
"13261","13 BİTLİS","Tatvan","Tatvan Vergi Dairesi Müdürlüğü"
"13101","13 BİTLİS","Adilcevaz","Adilcevaz Malmüdürlüğü"
"13102","13 BİTLİS","Ahlat","Ahlat Malmüdürlüğü"
"13103","13 BİTLİS","Hizan","Hizan Malmüdürlüğü"
"13104","13 BİTLİS","Mutki","Mutki Malmüdürlüğü"
"13106","13 BİTLİS","Göroymak","Güroymak Malmüdürlüğü"
"14260","14 BOLU","Merkez","Bolu Vergi Dairesi Müdürlüğü"
"14262","14 BOLU","Gerede","Gerede Vergi Dairesi Müdürlüğü"
"14104","14 BOLU","Göynük","Göynük Malmüdürlüğü"
"14105","14 BOLU","Kıbrıscık","Kıbrıscık Malmüdürlüğü"
"14106","14 BOLU","Mengen","Mengen Malmüdürlüğü"
"14107","14 BOLU","Mudurnu","Mudurnu Malmüdürlüğü"
"14108","14 BOLU","Seben","Seben Malmüdürlüğü"
"14113","14 BOLU","Dörtdivan","Dörtdivan Malmüdürlüğü"
"14114","14 BOLU","Yeniçağa","Yeniçağa Malmüdürlüğü"
"15260","15 BURDUR","Merkez","Burdur Vergi Dairesi Müdürlüğü"
"15261","15 BURDUR","Bucak","Bucak Vergi Dairesi Müdürlüğü"
"15101","15 BURDUR","Ağlasun","Ağlasun Malmüdürlüğü"
"15103","15 BURDUR","Gölhisar","Gölhisar Malmüdürlüğü"
"15104","15 BURDUR","Tefenni","Tefenni Malmüdürlüğü"
"15105","15 BURDUR","Yeşilova","Yeşilova Malmüdürlüğü"
"15106","15 BURDUR","Karamanlı","Karamanlı Malmüdürlüğü"
"15107","15 BURDUR","Kemer","Kemer Malmüdürlüğü"
"15108","15 BURDUR","Altınyayla","Altınyayla Malmüdürlüğü"
"15109","15 BURDUR","Çavdır","Çavdır Malmüdürlüğü"
"15110","15 BURDUR","Çeltikçi","Çeltikçi Malmüdürlüğü"
"16250","16 BURSA","Merkez","Bursa İhtisas Vergi Dairesi Müdürlüğü"
"16251","16 BURSA","Merkez","Osmangazi Vergi Dairesi Müdürlüğü"
"16252","16 BURSA","Merkez","Yıldırım Vergi Dairesi Müdürlüğü"
"16253","16 BURSA","Merkez","Çekirge Vergi Dairesi Müdürlüğü"
"16254","16 BURSA","Merkez","Setbaşı Vergi Dairesi Müdürlüğü"
"16255","16 BURSA","Merkez","Uludağ Vergi Dairesi Müdürlüğü"
"16256","16 BURSA","Merkez","Yeşil Vergi Dairesi Müdürlüğü"
"16257","16 BURSA","Merkez","Nilüfer Vergi Dairesi Müdürlüğü"
"16258","16 BURSA","Merkez","Ertuğrulgazi Vergi Dairesi Müdürlüğü"
"16259","16 BURSA","Merkez","Gökdere Vergi Dairesi Müdürlüğü"
"16260","16 BURSA","Merkez","Bursa Veraset ve Harçlar Vergi Dairesi Müdürlüğü"
"16201","16 BURSA","Merkez- (5216)","Gemlik Vergi Dairesi Müdürlüğü"
"16202","16 BURSA","İnegöl","İnegöl Vergi Dairesi Müdürlüğü"
"16203","16 BURSA","Karacabey","Karacabey Vergi Dairesi Müdürlüğü"
"16204","16 BURSA","Mustafakemalpaşa","Mustafakemalpaşa Vergi Dairesi Müdürlüğü"
"16205","16 BURSA","Merkez- (5216)","Mudanya Vergi Dairesi Müdürlüğü"
"16206","16 BURSA","Orhangazi","Orhangazi Vergi Dairesi Müdürlüğü"
"16207","16 BURSA","İznik","İznik Vergi Dairesi Müdürlüğü"
"16208","16 BURSA","Yenişehir","Yenişehir Vergi Dairesi Müdürlüğü"
"16105","16 BURSA","Keles","Keles Malmüdürlüğü"
"16108","16 BURSA","Orhaneli","Orhaneli Malmüdürlüğü"
"16111","16 BURSA","Harmancık","Harmancık Malmüdürlüğü"
"16112","16 BURSA","Büyükorhan","Büyükorhan Malmüdürlüğü"
"17260","17 ÇANAKKALE","Merkez","Çanakkale Vergi Dairesi Müdürlüğü"
"17261","17 ÇANAKKALE","Biga","Biga Vergi Dairesi Müdürlüğü"
"17262","17 ÇANAKKALE","Çan","Çan Vergi Dairesi Müdürlüğü"
"17263","17 ÇANAKKALE","Gelibolu","Gelibolu Vergi Dairesi Müdürlüğü"
"17101","17 ÇANAKKALE","Ayvacık","Ayvacık Malmüdürlüğü"
"17102","17 ÇANAKKALE","Bayramiç","Bayramiç Malmüdürlüğü"
"17104","17 ÇANAKKALE","Bozcaada","Bozcaada Malmüdürlüğü"
"17106","17 ÇANAKKALE","Eceabat","Eceabat Malmüdürlüğü"
"17107","17 ÇANAKKALE","Ezine","Ezine Malmüdürlüğü"
"17109","17 ÇANAKKALE","Gökçeada","Gökçeada Malmüdürlüğü"
"17110","17 ÇANAKKALE","Lapseki","Lapseki Malmüdürlüğü"
"17111","17 ÇANAKKALE","Yenice","Yenice Malmüdürlüğü"
"18260","18 ÇANKIRI","Merkez","Çankırı Vergi Dairesi Müdürlüğü"
"18101","18 ÇANKIRI","Çerkeş","Çerkeş Malmüdürlüğü"
"18102","18 ÇANKIRI","Eldivan","Eldivan Malmüdürlüğü"
"18104","18 ÇANKIRI","Ilgaz","Ilgaz Malmüdürlüğü"
"18105","18 ÇANKIRI","Kurşunlu","Kurşunlu Malmüdürlüğü"
"18106","18 ÇANKIRI","Orta","Orta Malmüdürlüğü"
"18108","18 ÇANKIRI","Şabanözü","Şabanözü Malmüdürlüğü"
"18109","18 ÇANKIRI","Yapraklı","Yapraklı Malmüdürlüğü"
"18110","18 ÇANKIRI","Atkaracalar","Atkaracalar Malmüdürlüğü"
"18111","18 ÇANKIRI","Kızılırmak","Kızılırmak Malmüdürlüğü"
"18112","18 ÇANKIRI","Bayramören","Bayramören Malmüdürlüğü"
"18113","18 ÇANKIRI","Korgun","Korgun Malmüdürlüğü"
"19260","19 ÇORUM","Merkez","Çorum Vergi Dairesi Müdürlüğü"
"19261","19 ÇORUM","Sungurlu","Sungurlu Vergi Dairesi Müdürlüğü"
"19101","19 ÇORUM","Alaca","Alaca Malmüdürlüğü"
"19102","19 ÇORUM","Bayat","Bayat Malmüdürlüğü"
"19103","19 ÇORUM","İskilip","İskilip Malmüdürlüğü"
"19104","19 ÇORUM","Kargı","Kargı Malmüdürlüğü"
"19105","19 ÇORUM","Mecitözü","Mecitözü Malmüdürlüğü"
"19106","19 ÇORUM","Ortaköy","Ortaköy Malmüdürlüğü"
"19107","19 ÇORUM","Osmancık","Osmancık Malmüdürlüğü"
"19109","19 ÇORUM","Boğazkale","Boğazkale Malmüdürlüğü"
"19110","19 ÇORUM","Uğurludağ","Uğurludağ Malmüdürlüğü"
"19111","19 ÇORUM","Dodurga","Dodurga Malmüdürlüğü"
"19112","19 ÇORUM","Oğuzlar","Oğuzlar Malmüdürlüğü"
"19113","19 ÇORUM","Laçin","Laçin Malmüdürlüğü"
"20201","20 DENİZLİ","Merkez","Saraylar Vergi Dairesi Müdürlüğü"
"20202","20 DENİZLİ","Merkez","Çınar Vergi Dairesi Müdürlüğü"
"20203","20 DENİZLİ","Merkez","Gökpınar Vergi Dairesi Müdürlüğü"
"20250","20 DENİZLİ","Merkez","Denizli İhtisas Vergi Dairesi Müdürlüğü"
"20280","20 DENİZLİ","Merkez","Pamukkale Vergi Dairesi Müdürlüğü"
"20260","20 DENİZLİ","Sarayköy","Sarayköy Vergi Dairesi Müdürlüğü"
"20261","20 DENİZLİ","Acıpayam","Acıpayam Vergi Dairesi Müdürlüğü"
"20262","20 DENİZLİ","Tavas","Tavas Vergi Dairesi Müdürlüğü"
"20263","20 DENİZLİ","Buldan","Buldan Vergi Dairesi Müdürlüğü"
"20264","20 DENİZLİ","Çal","Çal Vergi Dairesi Müdürlüğü"
"20265","20 DENİZLİ","Çivril","Çivril Vergi Dairesi Müdürlüğü"
"20104","20 DENİZLİ","Çameli","Çameli Malmüdürlüğü"
"20105","20 DENİZLİ","Çardak","Çardak Malmüdürlüğü"
"20107","20 DENİZLİ","Güney","Güney Malmüdürlüğü"
"20108","20 DENİZLİ","Kale","Kale Malmüdürlüğü"
"20111","20 DENİZLİ","Babadağ","Babadağ Malmüdürlüğü"
"20112","20 DENİZLİ","Bekilli","Bekilli Malmüdürlüğü"
"20113","20 DENİZLİ","Honaz","Honaz Malmüdürlüğü"
"20114","20 DENİZLİ","Serinhisar","Serinhisar Malmüdürlüğü"
"20115","20 DENİZLİ","Pamukkale","Pamukkale Malmüdürlüğü (Akköy)"
"20116","20 DENİZLİ","Baklan","Baklan Malmüdürlüğü"
"20117","20 DENİZLİ","Beyağaç","Beyağaç Malmüdürlüğü"
"20118","20 DENİZLİ","Bozkurt","Bozkurt Malmüdürlüğü"
"21251","21 DİYARBAKIR","Merkez","Gökalp Vergi Dairesi Müdürlüğü"
"21281","21 DİYARBAKIR","Merkez","Süleyman Nazif Vergi Dairesi Müdürlüğü"
"21282","21 DİYARBAKIR","Merkez","Cahit Sıtkı Tarancı Vergi Dairesi Müdürlüğü"
"21283","21 DİYARBAKIR","Ergani","Ergani Vergi Dairesi Müdürlüğü"
"21284","21 DİYARBAKIR","Bismil","Bismil Vergi Dairesi Müdürlüğü"
"21102","21 DİYARBAKIR","Çermik","Çermik Malmüdürlüğü"
"21103","21 DİYARBAKIR","Çınar","Çınar Malmüdürlüğü"
"21104","21 DİYARBAKIR","Çüngüş","Çüngüş Malmüdürlüğü"
"21105","21 DİYARBAKIR","Dicle","Dicle Malmüdürlüğü"
"21107","21 DİYARBAKIR","Hani","Hani Malmüdürlüğü"
"21108","21 DİYARBAKIR","Hazro","Hazro Malmüdürlüğü"
"21109","21 DİYARBAKIR","Kulp","Kulp Malmüdürlüğü"
"21110","21 DİYARBAKIR","Lice","Lice Malmüdürlüğü"
"21111","21 DİYARBAKIR","Silvan","Silvan Malmüdürlüğü"
"21112","21 DİYARBAKIR","Eğil","Eğil Malmüdürlüğü"
"21113","21 DİYARBAKIR","Kocaköy","Kocaköy Malmüdürlüğü"
"22201","22 EDİRNE","Merkez","Arda Vergi Dairesi Müdürlüğü"
"22260","22 EDİRNE","Merkez","Kırkpınar Vergi Dairesi Müdürlüğü"
"22261","22 EDİRNE","Keşan","Keşan Vergi Dairesi Müdürlüğü"
"22262","22 EDİRNE","Uzunköprü","Uzunköprü Vergi Dairesi Müdürlüğü"
"22263","22 EDİRNE","Havsa","Havsa Vergi Dairesi Müdürlüğü"
"22264","22 EDİRNE","İpsala","İpsala Vergi Dairesi Müdürlüğü"
"22101","22 EDİRNE","Enez","Enez Malmüdürlüğü"
"22105","22 EDİRNE","Lalapaşa","Lalapaşa Malmüdürlüğü"
"22106","22 EDİRNE","Meriç","Meriç Malmüdürlüğü"
"22108","22 EDİRNE","Süloğlu","Süloğlu Malmüdürlüğü"
"23201","23 ELAZIĞ","Merkez","Harput Vergi Dairesi Müdürlüğü"
"23280","23 ELAZIĞ","Merkez","Hazar Vergi Dairesi Müdürlüğü"
"23101","23 ELAZIĞ","Ağın","Ağın Malmüdürlüğü"
"23102","23 ELAZIĞ","Baskil","Baskil Malmüdürlüğü"
"23103","23 ELAZIĞ","Karakoçan","Karakoçan Malmüdürlüğü"
"23104","23 ELAZIĞ","Keban","Keban Malmüdürlüğü"
"23105","23 ELAZIĞ","Maden","Maden Malmüdürlüğü"
"23106","23 ELAZIĞ","Palu","Palu Malmüdürlüğü"
"23107","23 ELAZIĞ","Sivrice","Sivrice Malmüdürlüğü"
"23108","23 ELAZIĞ","Arıcak","Arıcak Malmüdürlüğü"
"23109","23 ELAZIĞ","Kovancılar","Kovancılar Malmüdürlüğü"
"23110","23 ELAZIĞ","Alacakaya","Alacakaya Malmüdürlüğü"
"24260","24 ERZİNCAN","Merkez","Fevzipaşa Vergi Dairesi Müdürlüğü"
"24101","24 ERZİNCAN","Çayırlı","Çayırlı Malmüdürlüğü"
"24102","24 ERZİNCAN","İliç","İliç Malmüdürlüğü"
"24103","24 ERZİNCAN","Kemah","Kemah Malmüdürlüğü"
"24104","24 ERZİNCAN","Kemaliye","Kemaliye Malmüdürlüğü"
"24105","24 ERZİNCAN","Refahiye","Refahiye Malmüdürlüğü"
"24106","24 ERZİNCAN","Tercan","Tercan Malmüdürlüğü"
"24107","24 ERZİNCAN","Üzümlü","Üzümlü Malmüdürlüğü"
"24108","24 ERZİNCAN","Otlukbeli","Otlukbeli Malmüdürlüğü"
"25251","25 ERZURUM","Merkez","Aziziye Vergi Dairesi Müdürlüğü"
"25280","25 ERZURUM","Merkez","Kazımkarabekir Vergi Dairesi Müdürlüğü"
"25101","25 ERZURUM","Aşkale","Aşkale Malmüdürlüğü"
"25102","25 ERZURUM","Çat","Çat Malmüdürlüğü"
"25103","25 ERZURUM","Hınıs","Hınıs Malmüdürlüğü"
"25104","25 ERZURUM","Horasan","Horasan Malmüdürlüğü"
"25105","25 ERZURUM","İspir","İspir Malmüdürlüğü"
"25106","25 ERZURUM","Karayazı","Karayazı Malmüdürlüğü"
"25107","25 ERZURUM","Narman","Narman Malmüdürlüğü"
"25108","25 ERZURUM","Oltu","Oltu Malmüdürlüğü"
"25109","25 ERZURUM","Olur","Olur Malmüdürlüğü"
"25110","25 ERZURUM","Pasinler","Pasinler Malmüdürlüğü"
"25111","25 ERZURUM","Şenkaya","Şenkaya Malmüdürlüğü"
"25112","25 ERZURUM","Tekman","Tekman Malmüdürlüğü"
"25113","25 ERZURUM","Tortum","Tortum Malmüdürlüğü"
"25114","25 ERZURUM","Karaçoban","Karaçoban Malmüdürlüğü"
"25115","25 ERZURUM","Uzundere","Uzundere Malmüdürlüğü"
"25116","25 ERZURUM","Pazaryolu","Pazaryolu Malmüdürlüğü"
"25117","25 ERZURUM","Merkez- (5216)","Aziziye Malmüdürlüğü  (Ilıca)"
"25118","25 ERZURUM","Köprüköy","Köprüköy Malmüdürlüğü"
"26250","26 ESKİŞEHİR","Merkez Başkanlık","Eskişehir Vergi Dairesi Başkanlığı (*)"
"26102","26 ESKİŞEHİR","Mahmudiye","Mahmudiye Malmüdürlüğü"
"26103","26 ESKİŞEHİR","Mihalıççık","Mihalıççık Malmüdürlüğü"
"26104","26 ESKİŞEHİR","Sarıcakaya","Sarıcakaya Malmüdürlüğü"
"26105","26 ESKİŞEHİR","Seyitgazi","Seyitgazi Malmüdürlüğü"
"26107","26 ESKİŞEHİR","Alpu","Alpu Malmüdürlüğü"
"26108","26 ESKİŞEHİR","Beylikova","Beylikova Malmüdürlüğü"
"26109","26 ESKİŞEHİR","İnönü","İnönü Malmüdürlüğü"
"26110","26 ESKİŞEHİR","Günyüzü","Günyüzü Malmüdürlüğü"
"26111","26 ESKİŞEHİR","Han","Han Malmüdürlüğü"
"26112","26 ESKİŞEHİR","Mihalgazi","Mihalgazi Malmüdürlüğü"
"27250","27 GAZİANTEP","Merkez","Gaziantep İhtisas Vergi Dairesi Müdürlüğü"
"27251","27 GAZİANTEP","Merkez","Suburcu Vergi Dairesi Müdürlüğü"
"27252","27 GAZİANTEP","Merkez","Şehitkâmil Vergi Dairesi Müdürlüğü"
"27253","27 GAZİANTEP","Merkez","Şahinbey Vergi Dairesi Müdürlüğü"
"27254","27 GAZİANTEP","Merkez","Gazikent Vergi Dairesi Müdürlüğü"
"27255","27 GAZİANTEP","Merkez","Kozanlı Vergi Dairesi Müdürlüğü"
"27202","27 GAZİANTEP","Nizip","Nizip Vergi Dairesi Müdürlüğü"
"27203","27 GAZİANTEP","İslahiye","İslahiye Vergi Dairesi Müdürlüğü"
"27101","27 GAZİANTEP","Araban","Araban Malmüdürlüğü"
"27105","27 GAZİANTEP","Merkez- (5216)","Oğuzeli Malmüdürlüğü"
"27106","27 GAZİANTEP","Yavuzeli","Yavuzeli Malmüdürlüğü"
"27107","27 GAZİANTEP","Karkamış","Karkamış Malmüdürlüğü"
"27108","27 GAZİANTEP","Nurdağı","Nurdağı Malmüdürlüğü"
"28260","28 GİRESUN","Merkez","Giresun Vergi Dairesi Müdürlüğü"
"28261","28 GİRESUN","Bulancak","Bulancak Vergi Dairesi Müdürlüğü"
"28101","28 GİRESUN","Alucra","Alucra Malmüdürlüğü"
"28103","28 GİRESUN","Dereli","Dereli Malmüdürlüğü"
"28104","28 GİRESUN","Espiye","Espiye Malmüdürlüğü"
"28105","28 GİRESUN","Eynesil","Eynesil Malmüdürlüğü"
"28106","28 GİRESUN","Görele","Görele Malmüdürlüğü"
"28107","28 GİRESUN","Keşap","Keşap Malmüdürlüğü"
"28108","28 GİRESUN","Şebinkarahisar","Şebinkarahisar Malmüdürlüğü"
"28109","28 GİRESUN","Tirebolu","Tirebolu Malmüdürlüğü"
"28110","28 GİRESUN","Piraziz","Piraziz Malmüdürlüğü"
"28111","28 GİRESUN","Yağlıdere","Yağlıdere Malmüdürlüğü"
"28112","28 GİRESUN","Çanakçı","Çanakçı Malmüdürlüğü"
"28113","28 GİRESUN","Güce","Güce Malmüdürlüğü"
"28114","28 GİRESUN","Çamoluk","Çamoluk Malmüdürlüğü"
"28115","28 GİRESUN","Doğankent","Doğankent Malmüdürlüğü"
"29260","29 GÜMÜŞHANE","Merkez","Gümüşhane Vergi Dairesi Müdürlüğü"
"29102","29 GÜMÜŞHANE","Kelkit","Kelkit Malmüdürlüğü"
"29103","29 GÜMÜŞHANE","Şiran","Şiran Malmüdürlüğü"
"29104","29 GÜMÜŞHANE","Torul","Torul Malmüdürlüğü"
"29107","29 GÜMÜŞHANE","Köse","Köse Malmüdürlüğü"
"29108","29 GÜMÜŞHANE","Kürtün","Kürtün Malmüdürlüğü"
"30260","30 HAKKARİ","Merkez","Hakkari Vergi Dairesi Müdürlüğü"
"30261","30 HAKKARİ","Yüksekova","Yüksekova  Vergi Dairesi Müdürlüğü"
"30102","30 HAKKARİ","Çukurca","Çukurca Malmüdürlüğü"
"30103","30 HAKKARİ","Şemdinli","Şemdinli Malmüdürlüğü"
"30104","30 HAKKARİ","Derecik","Derecik Malmüdürlüğü"
"31201","31 HATAY","Merkez","23 Temmuz Vergi Dairesi Müdürlüğü"
"31203","31 HATAY","Merkez","Antakya Vergi Dairesi Müdürlüğü"
"31280","31 HATAY","Merkez","Şükrükanatlı Vergi Dairesi Müdürlüğü"
"31202","31 HATAY","İskenderun","Sahil Vergi Dairesi Müdürlüğü"
"31281","31 HATAY","İskenderun","Akdeniz Vergi Dairesi Müdürlüğü"
"31290","31 HATAY","İskenderun","Asım Gündüz Vergi Dairesi Müdürlüğü"
"31260","31 HATAY","Dörtyol","Dörtyol  Vergi Dairesi Müdürlüğü"
"31261","31 HATAY","Kırıkhan","Kırıkhan Vergi Dairesi Müdürlüğü"
"31262","31 HATAY","Reyhanlı","Reyhanlı Vergi Dairesi Müdürlüğü"
"31263","31 HATAY","Samandağ","Samandağ Vergi Dairesi Müdürlüğü"
"31101","31 HATAY","Altınözü","Altınözü Malmüdürlüğü"
"31103","31 HATAY","Hassa","Hassa Malmüdürlüğü"
"31108","31 HATAY","Yayladağı","Yayladağı Malmüdürlüğü"
"31109","31 HATAY","Erzin","Erzin Malmüdürlüğü"
"31110","31 HATAY","Belen","Belen Malmüdürlüğü"
"31111","31 HATAY","Kumlu","Kumlu Malmüdürlüğü"
"32201","32 ISPARTA","Merkez","Davraz Vergi Dairesi Müdürlüğü"
"32260","32 ISPARTA","Merkez","Kaymakkapı Vergi Dairesi Müdürlüğü"
"32261","32 ISPARTA","Eğirdir","Eğirdir Vergi Dairesi Müdürlüğü"
"32262","32 ISPARTA","Yalvaç","Yalvaç Vergi Dairesi Müdürlüğü"
"32101","32 ISPARTA","Atabey","Atabey Malmüdürlüğü"
"32103","32 ISPARTA","Gelendost","Gelendost Malmüdürlüğü"
"32104","32 ISPARTA","Keçiborlu","Keçiborlu Malmüdürlüğü"
"32105","32 ISPARTA","Senirkent","Senirkent Malmüdürlüğü"
"32106","32 ISPARTA","Sütçüler","Sütçüler Malmüdürlüğü"
"32107","32 ISPARTA","Şarkikaraağaç","Şarkikaraağaç Malmüdürlüğü"
"32108","32 ISPARTA","Uluborlu","Uluborlu Malmüdürlüğü"
"32110","32 ISPARTA","Aksu","Aksu Malmüdürlüğü"
"32111","32 ISPARTA","Gönen","Gönen Malmüdürlüğü"
"32112","32 ISPARTA","Yenişarbademli","Yenişarbademli Malmüdürlüğü"
"33250","33 MERSİN","Merkez","İstiklâl Vergi Dairesi Müdürlüğü"
"33252","33 MERSİN","Merkez","Uray Vergi Dairesi Müdürlüğü"
"33254","33 MERSİN","Merkez","Liman Vergi Dairesi Müdürlüğü"
"33255","33 MERSİN","Merkez","Toros Vergi Dairesi Müdürlüğü"
"33256","33 MERSİN","Merkez","Mersin İhtisas Vergi Dairesi Müdürlüğü"
"33201","33 MERSİN","Erdemli","Erdemli Vergi Dairesi Müdürlüğü"
"33202","33 MERSİN","Silifke","Silifke Vergi Dairesi Müdürlüğü"
"33203","33 MERSİN","Anamur","Anamur Vergi Dairesi Müdürlüğü"
"33204","33 MERSİN","Tarsus","Kızılmurat Vergi Dairesi Müdürlüğü"
"33205","33 MERSİN","Tarsus","Şehitkerim Vergi Dairesi Müdürlüğü"
"33103","33 MERSİN","Gülnar","Gülnar Malmüdürlüğü"
"33104","33 MERSİN","Mut","Mut Malmüdürlüğü"
"33107","33 MERSİN","Aydıncık","Aydıncık Malmüdürlüğü"
"33108","33 MERSİN","Bozyazı","Bozyazı Malmüdürlüğü"
"33109","33 MERSİN","Çamlıyayla","Çamlıyayla Malmüdürlüğü"
"34220","34 İSTANBUL","Merkez","Haliç İhtisas Vergi Dairesi Müdürlüğü"
"34221","34 İSTANBUL","Merkez","Vatan İhtisas Vergi Dairesi Müdürlüğü"
"34222","34 İSTANBUL","Merkez","Çamlıca İhtisas Vergi Dairesi Müdürlüğü"
"34223","34 İSTANBUL","Merkez","Alemdağ Vergi Dairesi Müdürlüğü"
"34224","34 İSTANBUL","Merkez","Yenikapı Vergi Dairesi Müdürlüğü"
"34230","34 İSTANBUL","Merkez Başkanlık","Büyük Mükellefler Vergi Dairesi Başkanlığı (*)"
"34231","34 İSTANBUL","Merkez","Boğaziçi Kurumlar Vergi Dairesi Müdürlüğü"
"34232","34 İSTANBUL","Merkez","Marmara Kurumlar Vergi Dairesi Müdürlüğü"
"34234","34 İSTANBUL","Merkez","Davutpaşa Vergi Dairesi Müdürlüğü"
"34235","34 İSTANBUL","Merkez","Esenler Vergi Dairesi Müdürlüğü"
"34236","34 İSTANBUL","Merkez","Fatih Vergi Dairesi Müdürlüğü"
"34237","34 İSTANBUL","Merkez","Küçükköy Vergi Dairesi Müdürlüğü"
"34239","34 İSTANBUL","Merkez","Merter Vergi Dairesi Müdürlüğü"
"34242","34 İSTANBUL","Merkez","Sultanbeyli Vergi Dairesi Müdürlüğü"
"34244","34 İSTANBUL","Merkez","Anadolu Kurumlar Vergi Dairesi Müdürlüğü"
"34245","34 İSTANBUL","Merkez","Tuzla Vergi Dairesi Müdürlüğü"
"34246","34 İSTANBUL","Merkez","Kozyatağı Vergi Dairesi Müdürlüğü"
"34247","34 İSTANBUL","Merkez","Maslak Vergi Dairesi Müdürlüğü"
"34248","34 İSTANBUL","Merkez","Zincirlikuyu Vergi Dairesi Müdürlüğü"
"34249","34 İSTANBUL","Merkez","İkitelli Vergi Dairesi Müdürlüğü"
"34251","34 İSTANBUL","Merkez","Beşiktaş Vergi Dairesi Müdürlüğü"
"34252","34 İSTANBUL","Merkez","Ümraniye Vergi Dairesi Müdürlüğü"
"34253","34 İSTANBUL","Merkez","Yeditepe Veraset ve Harçlar Vergi Dairesi Müdürlüğü"
"34254","34 İSTANBUL","Merkez","Kasımpaşa Vergi Dairesi Müdürlüğü"
"34255","34 İSTANBUL","Merkez","Erenköy Vergi Dairesi Müdürlüğü"
"34256","34 İSTANBUL","Merkez","Hisar Veraset ve Harçlar Vergi Dairesi Müdürlüğü"
"34257","34 İSTANBUL","Merkez","Tuna Vergi Dairesi Müdürlüğü"
"34258","34 İSTANBUL","Merkez","Rıhtım Veraset ve Harçlar Vergi Dairesi Müdürlüğü"
"34259","34 İSTANBUL","Merkez","Güngören Vergi Dairesi Müdürlüğü"
"34260","34 İSTANBUL","Merkez","Kocasinan Vergi Dairesi Müdürlüğü"
"34261","34 İSTANBUL","Merkez","Güneşli Vergi Dairesi Müdürlüğü"
"34262","34 İSTANBUL","Merkez","Küçükyalı Vergi Dairesi Müdürlüğü"
"34263","34 İSTANBUL","Merkez","Pendik Vergi Dairesi Müdürlüğü"
"34264","34 İSTANBUL","Merkez","Bayrampaşa Vergi Dairesi Müdürlüğü"
"34265","34 İSTANBUL","Merkez","Beyazıt Vergi Dairesi Müdürlüğü"
"34266","34 İSTANBUL","Merkez","Beyoğlu Vergi Dairesi Müdürlüğü"
"34269","34 İSTANBUL","Merkez","Gaziosmanpaşa Vergi Dairesi Müdürlüğü"
"34270","34 İSTANBUL","Merkez","Göztepe Vergi Dairesi Müdürlüğü"
"34271","34 İSTANBUL","Merkez","Hocapaşa Vergi Dairesi Müdürlüğü"
"34272","34 İSTANBUL","Merkez","Kadıköy Vergi Dairesi Müdürlüğü"
"34273","34 İSTANBUL","Merkez","Kocamustafapaşa Vergi Dairesi Müdürlüğü"
"34274","34 İSTANBUL","Merkez","Mecidiyeköy Vergi Dairesi Müdürlüğü"
"34276","34 İSTANBUL","Merkez","Şişli Vergi Dairesi Müdürlüğü"
"34277","34 İSTANBUL","Merkez","Üsküdar Vergi Dairesi Müdürlüğü"
"34278","34 İSTANBUL","Merkez","Halkalı Vergi Dairesi Müdürlüğü"
"34279","34 İSTANBUL","Merkez","Kağıthane Vergi Dairesi Müdürlüğü"
"34280","34 İSTANBUL","Merkez","Zeytinburnu Vergi Dairesi Müdürlüğü"
"34281","34 İSTANBUL","Merkez","Beykoz Vergi Dairesi Müdürlüğü"
"34283","34 İSTANBUL","Merkez","Sarıyer Vergi Dairesi Müdürlüğü"
"34284","34 İSTANBUL","Merkez","Bakırköy Vergi Dairesi Müdürlüğü"
"34285","34 İSTANBUL","Merkez","Kartal Vergi Dairesi Müdürlüğü"
"34287","34 İSTANBUL","Merkez","Nakil Vasıtaları Vergi Dairesi Müdürlüğü"
"34288","34 İSTANBUL","Merkez","Sarıgazi Vergi Dairesi Müdürlüğü"
"34291","34 İSTANBUL","Merkez","Atışalanı Vergi Dairesi Müdürlüğü"
"34292","34 İSTANBUL","Merkez","Yakacık Vergi Dairesi Müdürlüğü"
"34293","34 İSTANBUL","Merkez","Yenibosna Vergi Dairesi Müdürlüğü"
"34294","34 İSTANBUL","Merkez","Avcılar Vergi Dairesi Müdürlüğü"
"34295","34 İSTANBUL","Merkez- (5216)","Adalar Vergi Dairesi Müdürlüğü"
"34296","34 İSTANBUL","Merkez","Küçükçekmece Vergi Dairesi Müdürlüğü"
"34297","34 İSTANBUL","Merkez","Beylikdüzü Vergi Dairesi Müdürlüğü"
"34298","34 İSTANBUL","Merkez","Esenyurt Vergi Dairesi Müdürlüğü"
"34203","34 İSTANBUL","Merkez- (5216)","Silivri Vergi Dairesi Müdürlüğü"
"34204","34 İSTANBUL","Merkez- (5216)","Büyükçekmece Vergi Dairesi Müdürlüğü"
"34205","34 İSTANBUL","Merkez- (5216)","Şile Vergi Dairesi Müdürlüğü"
"35250","35 İZMİR","Merkez","İzmir İhtisas Vergi Dairesi Müdürlüğü"
"35251","35 İZMİR","Merkez","9 Eylül Vergi Dairesi Müdürlüğü"
"35252","35 İZMİR","Merkez","Yamanlar Vergi Dairesi Müdürlüğü"
"35254","35 İZMİR","Merkez","Belkahve Vergi Dairesi Müdürlüğü"
"35256","35 İZMİR","Merkez","Karşıyaka Vergi Dairesi Müdürlüğü"
"35257","35 İZMİR","Merkez","Kemeraltı Vergi Dairesi Müdürlüğü"
"35258","35 İZMİR","Merkez","Konak Vergi Dairesi Müdürlüğü"
"35259","35 İZMİR","Merkez","Kordon Vergi Dairesi Müdürlüğü"
"35260","35 İZMİR","Merkez","Şirinyer Vergi Dairesi Müdürlüğü"
"35261","35 İZMİR","Merkez","Kadifekale Vergi Dairesi Müdürlüğü"
"35262","35 İZMİR","Merkez","Taşıtlar Vergi Dairesi Müdürlüğü"
"35263","35 İZMİR","Merkez","Hasan Tahsin Vergi Dairesi Müdürlüğü"
"35264","35 İZMİR","Merkez","Bornova Vergi Dairesi Müdürlüğü"
"35266","35 İZMİR","Merkez","Balçova Vergi Dairesi Müdürlüğü"
"35267","35 İZMİR","Merkez","Gaziemir Vergi Dairesi Müdürlüğü"
"35268","35 İZMİR","Merkez","Ege Vergi Dairesi Müdürlüğü"
"35269","35 İZMİR","Merkez","Çiğli Vergi Dairesi Müdürlüğü"
"35270","35 İZMİR","Merkez","Çakabey İhtisas Vergi Dairesi Müdürlüğü"
"35201","35 İZMİR","Bayındır","Bayındır Vergi Dairesi Müdürlüğü"
"35202","35 İZMİR","Bergama","Bergama Vergi Dairesi Müdürlüğü"
"35203","35 İZMİR","Merkez- (5216)","Menemen Vergi Dairesi Müdürlüğü"
"35204","35 İZMİR","Ödemiş","Ödemiş Vergi Dairesi Müdürlüğü"
"35205","35 İZMİR","Tire","Tire Vergi Dairesi Müdürlüğü"
"35206","35 İZMİR","Merkez- (5216)","Torbalı Vergi Dairesi Müdürlüğü"
"35207","35 İZMİR","Merkez- (5216)","Kemalpaşa Vergi Dairesi Müdürlüğü"
"35208","35 İZMİR","Merkez- (5216)","Urla Vergi Dairesi Müdürlüğü"
"35209","35 İZMİR","Selçuk","Selçuk Vergi Dairesi Müdürlüğü"
"35210","35 İZMİR","Kınık","Kınık Vergi Dairesi Müdürlüğü"
"35211","35 İZMİR","Kiraz","Kiraz Vergi Dairesi Müdürlüğü"
"35212","35 İZMİR","Çeşme","Çeşme Vergi Dairesi Müdürlüğü"
"35213","35 İZMİR","Merkez- (5216)","Aliağa Vergi Dairesi Müdürlüğü"
"35215","35 İZMİR","Merkez- (5216)","Menderes Vergi Dairesi Müdürlüğü"
"35105","35 İZMİR","Dikili","Dikili Malmüdürlüğü"
"35106","35 İZMİR","Merkez- (5216)","Foça Malmüdürlüğü"
"35107","35 İZMİR","Karaburun","Karaburun Malmüdürlüğü"
"35114","35 İZMİR","Merkez- (5216)","Seferihisar Malmüdürlüğü"
"35120","35 İZMİR","Beydağ","Beydağ Malmüdürlüğü"
"36260","36 KARS","Merkez","Kars Vergi Dairesi Müdürlüğü"
"36103","36 KARS","Arpaçay","Arpaçay Malmüdürlüğü"
"36105","36 KARS","Digor","Digor Malmüdürlüğü"
"36109","36 KARS","Kağızman","Kağızman Malmüdürlüğü"
"36111","36 KARS","Sarıkamış","Sarıkamış Malmüdürlüğü"
"36112","36 KARS","Selim","Selim Malmüdürlüğü"
"36113","36 KARS","Susuz","Susuz Malmüdürlüğü"
"36115","36 KARS","Akyaka","Akyaka Malmüdürlüğü"
"37260","37 KASTAMONU","Merkez","Kastamonu Vergi Dairesi Müdürlüğü"
"37261","37 KASTAMONU","Tosya","Tosya Vergi Dairesi Müdürlüğü"
"37262","37 KASTAMONU","Taşköprü","Taşköprü Vergi Dairesi Müdürlüğü"
"37101","37 KASTAMONU","Araç","Araç Malmüdürlüğü"
"37102","37 KASTAMONU","Azdavay","Azdavay Malmüdürlüğü"
"37103","37 KASTAMONU","Bozkurt","Bozkurt Malmüdürlüğü"
"37104","37 KASTAMONU","Cide","Cide Malmüdürlüğü"
"37105","37 KASTAMONU","Çatalzeytin","Çatalzeytin Malmüdürlüğü"
"37106","37 KASTAMONU","Daday","Daday Malmüdürlüğü"
"37107","37 KASTAMONU","Devrekani","Devrekani Malmüdürlüğü"
"37108","37 KASTAMONU","İnebolu","İnebolu Malmüdürlüğü"
"37109","37 KASTAMONU","Küre","Küre Malmüdürlüğü"
"37112","37 KASTAMONU","Abana","Abana Malmüdürlüğü"
"37113","37 KASTAMONU","İhsangazi","İhsangazi Malmüdürlüğü"
"37114","37 KASTAMONU","Pınarbaşı","Pınarbaşı Malmüdürlüğü"
"37115","37 KASTAMONU","Şenpazar","Şenpazar Malmüdürlüğü"
"37116","37 KASTAMONU","Ağlı","Ağlı Malmüdürlüğü"
"37117","37 KASTAMONU","Doğanyurt","Doğanyurt Malmüdürlüğü"
"37118","37 KASTAMONU","Hanönü","Hanönü Malmüdürlüğü"
"37119","37 KASTAMONU","Seydiler","Seydiler Malmüdürlüğü"
"38250","38 KAYSERİ","Merkez","Kayseri İhtisas Vergi Dairesi Müdürlüğü"
"38251","38 KAYSERİ","Merkez","Mimar Sinan Vergi Dairesi Müdürlüğü"
"38252","38 KAYSERİ","Merkez","Erciyes Vergi Dairesi Müdürlüğü"
"38253","38 KAYSERİ","Merkez","Kaleönü Vergi Dairesi Müdürlüğü"
"38254","38 KAYSERİ","Merkez","Gevher Nesibe Vergi Dairesi Müdürlüğü"
"38201","38 KAYSERİ","Develi","Develi Vergi Dairesi Müdürlüğü"
"38202","38 KAYSERİ","Pınarbaşı","Pınarbaşı Vergi Dairesi Müdürlüğü"
"38203","38 KAYSERİ","Bünyan","Bünyan Vergi Dairesi Müdürlüğü"
"38103","38 KAYSERİ","Felahiye","Felahiye Malmüdürlüğü"
"38104","38 KAYSERİ","İncesu","İncesu Malmüdürlüğü"
"38106","38 KAYSERİ","Sarıoğlan","Sarıoğlan Malmüdürlüğü"
"38107","38 KAYSERİ","Sarız","Sarız Malmüdürlüğü"
"38108","38 KAYSERİ","Tomarza","Tomarza Malmüdürlüğü"
"38109","38 KAYSERİ","Yahyalı","Yahyalı Malmüdürlüğü"
"38110","38 KAYSERİ","Yeşilhisar","Yeşilhisar Malmüdürlüğü"
"38111","38 KAYSERİ","Akkışla","Akkışla Malmüdürlüğü"
"38113","38 KAYSERİ","Merkez- (5216)","Hacılar Malmüdürlüğü"
"38114","38 KAYSERİ","Özvatan","Özvatan Malmüdürlüğü"
"39260","39 KIRKLARELİ","Merkez","Kırklareli Vergi Dairesi Müdürlüğü"
"39261","39 KIRKLARELİ","Lüleburgaz","Lüleburgaz Vergi Dairesi Müdürlüğü"
"39262","39 KIRKLARELİ","Babaeski","Babaeski Vergi Dairesi Müdürlüğü"
"39102","39 KIRKLARELİ","Demirköy","Demirköy Malmüdürlüğü"
"39103","39 KIRKLARELİ","Kofçaz","Kofçaz Malmüdürlüğü"
"39105","39 KIRKLARELİ","Pehlivanköy","Pehlivanköy Malmüdürlüğü"
"39106","39 KIRKLARELİ","Pınarhisar","Pınarhisar Malmüdürlüğü"
"39107","39 KIRKLARELİ","Vize","Vize Malmüdürlüğü"
"40260","40 KIRŞEHİR","Merkez","Kırşehir Vergi Dairesi Müdürlüğü"
"40261","40 KIRŞEHİR","Kaman","Kaman Vergi Dairesi Müdürlüğü"
"40101","40 KIRŞEHİR","Çiçekdağı","Çiçekdağı Malmüdürlüğü"
"40103","40 KIRŞEHİR","Mucur","Mucur Malmüdürlüğü"
"40104","40 KIRŞEHİR","Akpınar","Akpınar Malmüdürlüğü"
"40105","40 KIRŞEHİR","Akçakent","Akçakent Malmüdürlüğü"
"40106","40 KIRŞEHİR","Boztepe","Boztepe Malmüdürlüğü"
"41250","41 KOCAELİ","Merkez","Kocaeli İhtisas Vergi Dairesi Müdürlüğü"
"41252","41 KOCAELİ","Merkez","Tepecik Vergi Dairesi Müdürlüğü"
"41253","41 KOCAELİ","Merkez","Alemdar Vergi Dairesi Müdürlüğü"
"41254","41 KOCAELİ","Merkez Gebze","Gebze İhtisas Vergi Dairesi Müdürlüğü"
"41290","41 KOCAELİ","Merkez","Acısu Vergi Dairesi Müdürlüğü"
"41202","41 KOCAELİ","Merkez- (5216)","Uluçınar Vergi Dairesi Müdürlüğü"
"41203","41 KOCAELİ","Merkez- (5216)","İlyasbey Vergi Dairesi Müdürlüğü"
"41204","41 KOCAELİ","Merkez- (5216)","Gölcük Vergi Dairesi Müdürlüğü"
"41205","41 KOCAELİ","Merkez- (5216)","Karamürsel Vergi Dairesi Müdürlüğü"
"41206","41 KOCAELİ","Merkez- (5216)","Körfez Vergi Dairesi Müdürlüğü"
"41207","41 KOCAELİ","Merkez- (5216)","Derince Vergi Dairesi Müdürlüğü"
"41103","41 KOCAELİ","Merkez- (5216)","Kandıra Malmüdürlüğü"
"42250","42 KONYA","Merkez","Konya İhtisas Vergi Dairesi Müdürlüğü"
"42251","42 KONYA","Merkez","Selçuk Vergi Dairesi Müdürlüğü"
"42252","42 KONYA","Merkez","Mevlana Vergi Dairesi Müdürlüğü"
"42253","42 KONYA","Merkez","Meram Vergi Dairesi Müdürlüğü"
"42254","42 KONYA","Merkez","Alaaddin Vergi Dairesi Müdürlüğü"
"42201","42 KONYA","Akşehir","Akşehir Vergi Dairesi Müdürlüğü"
"42202","42 KONYA","Ereğli","Ereğli Vergi Dairesi Müdürlüğü"
"42204","42 KONYA","Beyşehir","Beyşehir Vergi Dairesi Müdürlüğü"
"42205","42 KONYA","Cihanbeyli","Cihanbeyli Vergi Dairesi Müdürlüğü"
"42206","42 KONYA","Çumra","Çumra Vergi Dairesi Müdürlüğü"
"42207","42 KONYA","Seydişehir","Seydişehir Vergi Dairesi Müdürlüğü"
"42208","42 KONYA","Ilgın","Ilgın Vergi Dairesi Müdürlüğü"
"42209","42 KONYA","Kulu","Kulu Vergi Dairesi Müdürlüğü"
"42210","42 KONYA","Karapınar","Karapınar Vergi Dairesi Müdürlüğü"
"42103","42 KONYA","Bozkır","Bozkır Malmüdürlüğü"
"42106","42 KONYA","Doğanhisar","Doğanhisar Malmüdürlüğü"
"42109","42 KONYA","Hadim","Hadim Malmüdürlüğü"
"42111","42 KONYA","Kadınhanı","Kadınhanı Malmüdürlüğü"
"42115","42 KONYA","Sarayönü","Sarayönü Malmüdürlüğü"
"42117","42 KONYA","Yunak","Yunak Malmüdürlüğü"
"42118","42 KONYA","Akören","Akören Malmüdürlüğü"
"42119","42 KONYA","Altınekin","Altınekin Malmüdürlüğü"
"42121","42 KONYA","Derebucak","Derebucak Malmüdürlüğü"
"42122","42 KONYA","Hüyük","Hüyük Malmüdürlüğü"
"42123","42 KONYA","Taşkent","Taşkent Malmüdürlüğü"
"42124","42 KONYA","Ahırlı","Ahırlı Malmüdürlüğü"
"42125","42 KONYA","Çeltik","Çeltik Malmüdürlüğü"
"42126","42 KONYA","Derbent","Derbent Malmüdürlüğü"
"42127","42 KONYA","Emirgazi","Emirgazi Malmüdürlüğü"
"42128","42 KONYA","Güneysınır","Güneysınır Malmüdürlüğü"
"42129","42 KONYA","Halkapınar","Halkapınar Malmüdürlüğü"
"42130","42 KONYA","Tuzlukçu","Tuzlukçu Malmüdürlüğü"
"42131","42 KONYA","Yalıhüyük","Yalıhüyük Malmüdürlüğü"
"43201","43 KÜTAHYA","Merkez","30 Ağustos Vergi Dairesi Müdürlüğü"
"43280","43 KÜTAHYA","Merkez","Çinili Vergi Dairesi Müdürlüğü"
"43260","43 KÜTAHYA","Gediz","Gediz Vergi Dairesi Müdürlüğü"
"43261","43 KÜTAHYA","Simav","Simav Vergi Dairesi Müdürlüğü"
"43262","43 KÜTAHYA","Tavşanlı","Tavşanlı Vergi Dairesi Müdürlüğü"
"43263","43 KÜTAHYA","Emet","Emet Vergi Dairesi Müdürlüğü"
"43101","43 KÜTAHYA","Altıntaş","Altıntaş Malmüdürlüğü"
"43102","43 KÜTAHYA","Domaniç","Domaniç Malmüdürlüğü"
"43107","43 KÜTAHYA","Aslanapa","Aslanapa Malmüdürlüğü"
"43108","43 KÜTAHYA","Dumlupınar","Dumlupınar Malmüdürlüğü"
"43109","43 KÜTAHYA","Hisarcık","Hisarcık Malmüdürlüğü"
"43110","43 KÜTAHYA","Şaphane","Şaphane Malmüdürlüğü"
"43111","43 KÜTAHYA","Çavdarhisar","Çavdarhisar Malmüdürlüğü"
"43112","43 KÜTAHYA","Pazarlar","Pazarlar Malmüdürlüğü"
"44251","44 MALATYA","Merkez","Fırat Vergi Dairesi Müdürlüğü"
"44252","44 MALATYA","Merkez","Beydağı Vergi Dairesi Müdürlüğü"
"44101","44 MALATYA","Akçadağ","Akçadağ Malmüdürlüğü"
"44102","44 MALATYA","Arapgir","Arapgir Malmüdürlüğü"
"44103","44 MALATYA","Arguvan","Arguvan Malmüdürlüğü"
"44104","44 MALATYA","Darende","Darende Malmüdürlüğü"
"44105","44 MALATYA","Doğanşehir","Doğanşehir Malmüdürlüğü"
"44106","44 MALATYA","Hekimhan","Hekimhan Malmüdürlüğü"
"44107","44 MALATYA","Pütürge","Pütürge Malmüdürlüğü"
"44108","44 MALATYA","Yeşilyurt","Yeşilyurt Malmüdürlüğü"
"44109","44 MALATYA","Battalgazi","Battalgazi Malmüdürlüğü"
"44110","44 MALATYA","Doğanyol","Doğanyol Malmüdürlüğü"
"44111","44 MALATYA","Kale","Kale Malmüdürlüğü"
"44112","44 MALATYA","Kuluncak","Kuluncak Malmüdürlüğü"
"44113","44 MALATYA","Yazıhan","Yazıhan Malmüdürlüğü"
"45250","45 MANİSA","Merkez","Manisa İhtisas Vergi Dairesi Müdürlüğü"
"45251","45 MANİSA","Merkez","Şehit Cihan Güneş Vergi Dairesi Müdürlüğü"
"45252","45 MANİSA","Merkez","Mesir Vergi Dairesi Müdürlüğü"
"45201","45 MANİSA","Akhisar","Akhisar Vergi Dairesi Müdürlüğü"
"45202","45 MANİSA","Alaşehir","Alaşehir Vergi Dairesi Müdürlüğü"
"45203","45 MANİSA","Demirci","Demirci Vergi Dairesi Müdürlüğü"
"45204","45 MANİSA","Kırkağaç","Kırkağaç Vergi Dairesi Müdürlüğü"
"45205","45 MANİSA","Salihli","Salihli Adil Oral Vergi Dairesi Müdürlüğü"
"45206","45 MANİSA","Sarıgöl","Sarıgöl Vergi Dairesi Müdürlüğü"
"45207","45 MANİSA","Saruhanlı","Saruhanlı Vergi Dairesi Müdürlüğü"
"45208","45 MANİSA","Soma","Soma Vergi Dairesi Müdürlüğü"
"45209","45 MANİSA","Turgutlu","Turgutlu Vergi Dairesi Müdürlüğü"
"45210","45 MANİSA","Gördes","Gördes Vergi Dairesi Müdürlüğü"
"45211","45 MANİSA","Kula","Kula Vergi Dairesi Müdürlüğü"
"45110","45 MANİSA","Selendi","Selendi Malmüdürlüğü"
"45113","45 MANİSA","Ahmetli","Ahmetli Malmüdürlüğü"
"45114","45 MANİSA","Gölmarmara","Gölmarmara Malmüdürlüğü"
"45115","45 MANİSA","Köprübaşı","Köprübaşı Malmüdürlüğü"
"46201","46 KAHRAMANMARAŞ","Merkez","Aslanbey Vergi Dairesi Müdürlüğü"
"46280","46 KAHRAMANMARAŞ","Merkez","Aksu Vergi Dairesi Müdürlüğü"
"46260","46 KAHRAMANMARAŞ","Elbistan","Elbistan Vergi Dairesi Müdürlüğü"
"46261","46 KAHRAMANMARAŞ","Afşin","Afşin Vergi Dairesi Müdürlüğü"
"46262","46 KAHRAMANMARAŞ","Pazarcık","Pazarcık Vergi Dairesi Müdürlüğü"
"46102","46 KAHRAMANMARAŞ","Andırın","Andırın Malmüdürlüğü"
"46104","46 KAHRAMANMARAŞ","Göksun","Göksun Malmüdürlüğü"
"46106","46 KAHRAMANMARAŞ","Türkoğlu","Türkoğlu Malmüdürlüğü"
"46107","46 KAHRAMANMARAŞ","Çağlayancerit","Çağlayancerit Malmüdürlüğü"
"46108","46 KAHRAMANMARAŞ","Ekinözü","Ekinözü Malmüdürlüğü"
"46109","46 KAHRAMANMARAŞ","Nurhak","Nurhak Malmüdürlüğü"
"47260","47 MARDİN","Merkez","Mardin Vergi Dairesi Müdürlüğü"
"47261","47 MARDİN","Kızıltepe","Kızıltepe Vergi Dairesi Müdürlüğü"
"47262","47 MARDİN","Nusaybin","Nusaybin Vergi Dairesi Müdürlüğü"
"47102","47 MARDİN","Derik","Derik Malmüdürlüğü"
"47106","47 MARDİN","Mazıdağı","Mazıdağı Malmüdürlüğü"
"47107","47 MARDİN","Midyat","Midyat Malmüdürlüğü"
"47109","47 MARDİN","Ömerli","Ömerli Malmüdürlüğü"
"47110","47 MARDİN","Savur","Savur Malmüdürlüğü"
"47112","47 MARDİN","Dargeçit","Dargeçit Malmüdürlüğü"
"47113","47 MARDİN","Yeşilli","Yeşilli Malmüdürlüğü"
"48260","48 MUĞLA","Merkez","Muğla Vergi Dairesi Müdürlüğü"
"48261","48 MUĞLA","Bodrum","Bodrum Vergi Dairesi Müdürlüğü"
"48262","48 MUĞLA","Fethiye","Fethiye Vergi Dairesi Müdürlüğü"
"48263","48 MUĞLA","Köyceğiz","Köyceğiz Vergi Dairesi Müdürlüğü"
"48264","48 MUĞLA","Milas","Milas Vergi Dairesi Müdürlüğü"
"48265","48 MUĞLA","Marmaris","Marmaris Vergi Dairesi Müdürlüğü"
"48266","48 MUĞLA","Yatağan","Yatağan Vergi Dairesi Müdürlüğü"
"48102","48 MUĞLA","Datça","Datça Malmüdürlüğü"
"48108","48 MUĞLA","Ula","Ula Malmüdürlüğü"
"48109","48 MUĞLA","Dalaman","Dalaman Malmüdürlüğü"
"48110","48 MUĞLA","Ortaca","Ortaca Malmüdürlüğü"
"48111","48 MUĞLA","Kavaklıdere","Kavaklıdere Malmüdürlüğü"
"48113","48 MUĞLA","Seydiemer","Seydikemer Malmüdürlüğü"
"49260","49 MUŞ","Merkez","Muş Vergi Dairesi Müdürlüğü"
"49101","49 MUŞ","Bulanık","Bulanık Malmüdürlüğü"
"49102","49 MUŞ","Malazgirt","Malazgirt Malmüdürlüğü"
"49103","49 MUŞ","Varto","Varto Malmüdürlüğü"
"49104","49 MUŞ","Hasköy","Hasköy Malmüdürlüğü"
"49105","49 MUŞ","Korkut","Korkut Malmüdürlüğü"
"50260","50 NEVŞEHİR","Merkez","Nevşehir Vergi Dairesi Müdürlüğü"
"50101","50 NEVŞEHİR","Avanos","Avanos Malmüdürlüğü"
"50102","50 NEVŞEHİR","Derinkuyu","Derinkuyu Malmüdürlüğü"
"50103","50 NEVŞEHİR","Gülşehir","Gülşehir Malmüdürlüğü"
"50104","50 NEVŞEHİR","Hacıbektaş","Hacıbektaş Malmüdürlüğü"
"50105","50 NEVŞEHİR","Kozaklı","Kozaklı Malmüdürlüğü"
"50106","50 NEVŞEHİR","Ürgüp","Ürgüp Malmüdürlüğü"
"50107","50 NEVŞEHİR","Acıgöl","Acıgöl Malmüdürlüğü"
"51260","51 NİĞDE","Merkez","Niğde Vergi Dairesi Müdürlüğü"
"51262","51 NİĞDE","Bor","Bor Vergi Dairesi Müdürlüğü"
"51103","51 NİĞDE","Çamardı","Çamardı Malmüdürlüğü"
"51105","51 NİĞDE","Ulukışla","Ulukışla Malmüdürlüğü"
"51106","51 NİĞDE","Altunhisar","Altunhisar Malmüdürlüğü"
"51107","51 NİĞDE","Çiftlik","Çiftlik Malmüdürlüğü"
"52201","52 ORDU","Merkez","Boztepe Vergi Dairesi Müdürlüğü"
"52260","52 ORDU","Merkez","Köprübaşı Vergi Dairesi Müdürlüğü"
"52261","52 ORDU","Fatsa","Fatsa Vergi Dairesi Müdürlüğü"
"52262","52 ORDU","Ünye","Ünye Vergi Dairesi Müdürlüğü"
"52101","52 ORDU","Akkuş","Akkuş Malmüdürlüğü"
"52102","52 ORDU","Aybastı","Aybastı Malmüdürlüğü"
"52104","52 ORDU","Gölköy","Gölköy Malmüdürlüğü"
"52105","52 ORDU","Korgan","Korgan Malmüdürlüğü"
"52106","52 ORDU","Kumru","Kumru Malmüdürlüğü"
"52107","52 ORDU","Mesudiye","Mesudiye Malmüdürlüğü"
"52108","52 ORDU","Perşembe","Perşembe Malmüdürlüğü"
"52109","52 ORDU","Ulubey","Ulubey Malmüdürlüğü"
"52111","52 ORDU","Gülyalı","Gülyalı Malmüdürlüğü"
"52112","52 ORDU","Gürgentepe","Gürgentepe Malmüdürlüğü"
"52113","52 ORDU","Çamaş","Çamaş Malmüdürlüğü"
"52114","52 ORDU","Çatalpınar","Çatalpınar Malmüdürlüğü"
"52115","52 ORDU","Çaybaşı","Çaybaşı Malmüdürlüğü"
"52116","52 ORDU","İkizce","İkizce Malmüdürlüğü"
"52117","52 ORDU","Kabadüz","Kabadüz Malmüdürlüğü"
"52118","52 ORDU","Kabataş","Kabataş Malmüdürlüğü"
"53201","53 RİZE","Merkez","Kaçkar Vergi Dairesi Müdürlüğü"
"53260","53 RİZE","Merkez","Yeşilçay Vergi Dairesi Müdürlüğü"
"53261","53 RİZE","Çayeli","Çayeli Vergi Dairesi Müdürlüğü"
"53262","53 RİZE","Pazar","Pazar Vergi Dairesi Müdürlüğü"
"53263","53 RİZE","Ardeşen","Ardeşen Vergi Dairesi Müdürlüğü"
"53102","53 RİZE","Çamlıhemşin","Çamlıhemşin Malmüdürlüğü"
"53104","53 RİZE","Fındıklı","Fındıklı Malmüdürlüğü"
"53105","53 RİZE","İkizdere","İkizdere Malmüdürlüğü"
"53106","53 RİZE","Kalkandere","Kalkandere Malmüdürlüğü"
"53108","53 RİZE","Güneysu","Güneysu Malmüdürlüğü"
"53109","53 RİZE","Derepazarı","Derepazarı Malmüdürlüğü"
"53110","53 RİZE","Hemşin","Hemşin Malmüdürlüğü"
"53111","53 RİZE","İyidere","İyidere Malmüdürlüğü"
"54250","54 SAKARYA","Merkez","Sakarya İhtisas Vergi Dairesi Müdürlüğü"
"54251","54 SAKARYA","Merkez","Gümrükönü Vergi Dairesi Müdürlüğü"
"54252","54 SAKARYA","Merkez","Ali Fuat Cebesoy Vergi Dairesi Müdürlüğü"
"54253","54 SAKARYA","Merkez- (5216)","Sapanca Vergi Dairesi Müdürlüğü"
"54201","54 SAKARYA","Merkez- (5216)","Akyazı Vergi Dairesi Müdürlüğü"
"54202","54 SAKARYA","Geyve","Geyve Vergi Dairesi Müdürlüğü"
"54203","54 SAKARYA","Merkez- (5216)","Hendek Vergi Dairesi Müdürlüğü"
"54204","54 SAKARYA","Karasu","Karasu Vergi Dairesi Müdürlüğü"
"54105","54 SAKARYA","Kaynarca","Kaynarca Malmüdürlüğü"
"54107","54 SAKARYA","Kocaali","Kocaali Malmüdürlüğü"
"54108","54 SAKARYA","Pamukova","Pamukova Malmüdürlüğü"
"54109","54 SAKARYA","Taraklı","Taraklı Malmüdürlüğü"
"54111","54 SAKARYA","Merkez- (5216)","Karapürçek Malmüdürlüğü"
"55251","55 SAMSUN","Merkez","19 Mayıs Vergi Dairesi Müdürlüğü"
"55252","55 SAMSUN","Merkez","Gaziler Vergi Dairesi Müdürlüğü"
"55290","55 SAMSUN","Merkez","Zafer Vergi Dairesi Müdürlüğü"
"55202","55 SAMSUN","Bafra","Bafra Vergi Dairesi Müdürlüğü"
"55203","55 SAMSUN","Çarşamba","Çarşamba Vergi Dairesi Müdürlüğü"
"55204","55 SAMSUN","Terme","Terme Vergi Dairesi Müdürlüğü"
"55205","55 SAMSUN","Havza","Havza Vergi Dairesi Müdürlüğü"
"55101","55 SAMSUN","Alaçam","Alaçam Malmüdürlüğü"
"55105","55 SAMSUN","Kavak","Kavak Malmüdürlüğü"
"55106","55 SAMSUN","Ladik","Ladik Malmüdürlüğü"
"55108","55 SAMSUN","Vezirköprü","Vezirköprü Malmüdürlüğü"
"55109","55 SAMSUN","Asarcık","Asarcık Malmüdürlüğü"
"55110","55 SAMSUN","Ondokuz Mayıs","Ondokuz Mayıs Malmüdürlüğü"
"55111","55 SAMSUN","Salıpazarı","Salıpazarı Malmüdürlüğü"
"55112","55 SAMSUN","Merkez- (5216)","Tekkeköy Malmüdürlüğü"
"55113","55 SAMSUN","Ayvacık","Ayvacık Malmüdürlüğü"
"55114","55 SAMSUN","Yakakent","Yakakent Malmüdürlüğü"
"56260","56 SİİRT","Merkez","Siirt Vergi Dairesi Müdürlüğü"
"56102","56 SİİRT","Baykan","Baykan Malmüdürlüğü"
"56104","56 SİİRT","Eruh","Eruh Malmüdürlüğü"
"56106","56 SİİRT","Kurtalan","Kurtalan Malmüdürlüğü"
"56107","56 SİİRT","Pervari","Pervari Malmüdürlüğü"
"56110","56 SİİRT","Şirvan","Şirvan Malmüdürlüğü"
"57260","57 SİNOP","Merkez","Sinop Vergi Dairesi Müdürlüğü"
"57261","57 SİNOP","Boyabat","Boyabat Vergi Dairesi Müdürlüğü"
"57101","57 SİNOP","Ayancık","Ayancık Malmüdürlüğü"
"57103","57 SİNOP","Durağan","Durağan Malmüdürlüğü"
"57104","57 SİNOP","Erfelek","Erfelek Malmüdürlüğü"
"57105","57 SİNOP","Gerze","Gerze Malmüdürlüğü"
"57106","57 SİNOP","Türkeli","Türkeli Malmüdürlüğü"
"57107","57 SİNOP","Dikmen","Dikmen Malmüdürlüğü"
"57108","57 SİNOP","Saraydüzü","Saraydüzü Malmüdürlüğü"
"58201","58 SİVAS","Merkez","Kale Vergi Dairesi Müdürlüğü"
"58280","58 SİVAS","Merkez","Site Vergi Dairesi Müdürlüğü"
"58260","58 SİVAS","Şarkışla","Şarkışla Vergi Dairesi Müdürlüğü"
"58101","58 SİVAS","Divriği","Divriği Malmüdürlüğü"
"58102","58 SİVAS","Gemerek","Gemerek Malmüdürlüğü"
"58103","58 SİVAS","Gürün","Gürün Malmüdürlüğü"
"58104","58 SİVAS","Hafik","Hafik Malmüdürlüğü"
"58105","58 SİVAS","İmranlı","İmranlı Malmüdürlüğü"
"58106","58 SİVAS","Kangal","Kangal Malmüdürlüğü"
"58107","58 SİVAS","Koyulhisar","Koyulhisar Malmüdürlüğü"
"58109","58 SİVAS","Suşehri","Suşehri Malmüdürlüğü"
"58110","58 SİVAS","Yıldızeli","Yıldızeli Malmüdürlüğü"
"58111","58 SİVAS","Zara","Zara Malmüdürlüğü"
"58112","58 SİVAS","Akıncılar","Akıncılar Malmüdürlüğü"
"58113","58 SİVAS","Altınyayla","Altınyayla Malmüdürlüğü"
"58114","58 SİVAS","Doğanşar","Doğanşar Malmüdürlüğü"
"58115","58 SİVAS","Gölova","Gölova Malmüdürlüğü"
"58116","58 SİVAS","Ulaş","Ulaş Malmüdürlüğü"
"59201","59 TEKİRDAĞ","Merkez","Süleymanpaşa Vergi Dairesi Müdürlüğü"
"59260","59 TEKİRDAĞ","Merkez","Namık Kemal Vergi Dairesi Müdürlüğü"
"59250","59 TEKİRDAĞ","Çorlu","Çorlu İhtisas Vergi Dairesi Müdürlüğü"
"59261","59 TEKİRDAĞ","Çerkezköy","Çerkezköy Vergi Dairesi Müdürlüğü"
"59262","59 TEKİRDAĞ","Çorlu","Çorlu Vergi Dairesi Müdürlüğü"
"59263","59 TEKİRDAĞ","Hayrabolu","Hayrabolu Vergi Dairesi Müdürlüğü"
"59264","59 TEKİRDAĞ","Malkara","Malkara Vergi Dairesi Müdürlüğü"
"59265","59 TEKİRDAĞ","Muratlı","Muratlı Vergi Dairesi Müdürlüğü"
"59266","59 TEKİRDAĞ","Şarköy","Şarköy Vergi Dairesi Müdürlüğü"
"59267","59 TEKİRDAĞ","Kapaklı","Kapaklı Vergi Dairesi Müdürlüğü"
"59106","59 TEKİRDAĞ","Saray","Saray Malmüdürlüğü"
"59108","59 TEKİRDAĞ","Marmara Ereğlisi","Marmara Ereğlisi Malmüdürlüğü"
"60260","60 TOKAT","Merkez","Tokat Vergi Dairesi Müdürlüğü"
"60261","60 TOKAT","Erbaa","Erbaa Vergi Dairesi Müdürlüğü"
"60262","60 TOKAT","Niksar","Niksar Vergi Dairesi Müdürlüğü"
"60263","60 TOKAT","Turhal","Turhal Vergi Dairesi Müdürlüğü"
"60264","60 TOKAT","Zile","Zile Vergi Dairesi Müdürlüğü"
"60101","60 TOKAT","Almus","Almus Malmüdürlüğü"
"60102","60 TOKAT","Artova","Artova Malmüdürlüğü"
"60105","60 TOKAT","Reşadiye","Reşadiye Malmüdürlüğü"
"60108","60 TOKAT","Pazar","Pazar Malmüdürlüğü"
"60109","60 TOKAT","Yeşilyurt","Yeşilyurt Malmüdürlüğü"
"60110","60 TOKAT","Başçiftlik","Başçiftlik Malmüdürlüğü"
"60111","60 TOKAT","Sulusaray","Sulusaray Malmüdürlüğü"
"61201","61 TRABZON","Merkez","Hızırbey Vergi Dairesi Müdürlüğü"
"61280","61 TRABZON","Merkez","Karadeniz Vergi Dairesi Müdürlüğü"
"61260","61 TRABZON","Akçaabat","Akçaabat Vergi Dairesi Müdürlüğü"
"61261","61 TRABZON","Of","Of Vergi Dairesi Müdürlüğü"
"61262","61 TRABZON","Vakfıkebir","Vakfıkebir Vergi Dairesi Müdürlüğü"
"61102","61 TRABZON","Araklı","Araklı Malmüdürlüğü"
"61103","61 TRABZON","Arsin","Arsin Malmüdürlüğü"
"61104","61 TRABZON","Çaykara","Çaykara Malmüdürlüğü"
"61105","61 TRABZON","Maçka","Maçka Malmüdürlüğü"
"61107","61 TRABZON","Sürmene","Sürmene Malmüdürlüğü"
"61108","61 TRABZON","Tonya","Tonya Malmüdürlüğü"
"61110","61 TRABZON","Yomra","Yomra Malmüdürlüğü"
"61111","61 TRABZON","Beşikdüzü","Beşikdüzü Malmüdürlüğü"
"61112","61 TRABZON","Şalpazarı","Şalpazarı Malmüdürlüğü"
"61113","61 TRABZON","Çarşıbaşı","Çarşıbaşı Malmüdürlüğü"
"61114","61 TRABZON","Dernekpazarı","Dernekpazarı Malmüdürlüğü"
"61115","61 TRABZON","Düzköy","Düzköy Malmüdürlüğü"
"61116","61 TRABZON","Hayrat","Hayrat Malmüdürlüğü"
"61117","61 TRABZON","Köprübaşı","Köprübaşı Malmüdürlüğü"
"62260","62 TUNCELİ","Merkez","Tunceli Vergi Dairesi Müdürlüğü"
"62101","62 TUNCELİ","Çemişgezek","Çemişgezek Malmüdürlüğü"
"62102","62 TUNCELİ","Hozat","Hozat Malmüdürlüğü"
"62103","62 TUNCELİ","Mazgirt","Mazgirt Malmüdürlüğü"
"62104","62 TUNCELİ","Nazimiye","Nazimiye Malmüdürlüğü"
"62105","62 TUNCELİ","Ovacık","Ovacık Malmüdürlüğü"
"62106","62 TUNCELİ","Pertek","Pertek Malmüdürlüğü"
"62107","62 TUNCELİ","Pülümür","Pülümür Malmüdürlüğü"
"63201","63 ŞANLIURFA","Merkez","Şehitlik Vergi Dairesi Müdürlüğü"
"63280","63 ŞANLIURFA","Merkez","Topçu Meydanı Vergi Dairesi Müdürlüğü"
"63281","63 ŞANLIURFA","Merkez","Göbeklitepe Vergi Dairesi Müdürlüğü"
"63260","63 ŞANLIURFA","Siverek","Siverek Vergi Dairesi Müdürlüğü"
"63261","63 ŞANLIURFA","Viranşehir","Viranşehir Vergi Dairesi Müdürlüğü"
"63262","63 ŞANLIURFA","Birecik","Birecik Vergi Dairesi Müdürlüğü"
"63263","63 ŞANLIURFA","Suruç","Suruç  Vergi Dairesi Müdürlüğü"
"63101","63 ŞANLIURFA","Akçakale","Akçakale Malmüdürlüğü"
"63103","63 ŞANLIURFA","Bozova","Bozova Malmüdürlüğü"
"63104","63 ŞANLIURFA","Halfeti","Halfeti Malmüdürlüğü"
"63105","63 ŞANLIURFA","Hilvan","Hilvan Malmüdürlüğü"
"63109","63 ŞANLIURFA","Ceylanpınar","Ceylanpınar Malmüdürlüğü"
"63110","63 ŞANLIURFA","Harran","Harran Malmüdürlüğü"
"64260","64 UŞAK","Merkez","Uşak Vergi Dairesi Müdürlüğü"
"64261","64 UŞAK","Banaz","Banaz Vergi Dairesi Müdürlüğü"
"64262","64 UŞAK","Eşme","Eşme Vergi Dairesi Müdürlüğü"
"64103","64 UŞAK","Karahallı","Karahallı Malmüdürlüğü"
"64104","64 UŞAK","Ulubey","Ulubey Malmüdürlüğü"
"64105","64 UŞAK","Sivaslı","Sivaslı Malmüdürlüğü"
"65260","65 VAN","Merkez","Van Vergi Dairesi Müdürlüğü"
"65201","65 VAN","Erciş","Erciş Vergi Dairesi Müdürlüğü"
"65101","65 VAN","Başkale","Başkale Malmüdürlüğü"
"65102","65 VAN","Çatak","Çatak Malmüdürlüğü"
"65104","65 VAN","Gevaş","Gevaş Malmüdürlüğü"
"65105","65 VAN","Gürpınar","Gürpınar Malmüdürlüğü"
"65106","65 VAN","Muradiye","Muradiye Malmüdürlüğü"
"65107","65 VAN","Özalp","Özalp Malmüdürlüğü"
"65108","65 VAN","Bahçesaray","Bahçesaray Malmüdürlüğü"
"65109","65 VAN","Çaldıran","Çaldıran Malmüdürlüğü"
"65110","65 VAN","Edremit","Edremit Malmüdürlüğü"
"65111","65 VAN","Saray","Saray Malmüdürlüğü"
"66260","66 YOZGAT","Merkez","Yozgat Vergi Dairesi Müdürlüğü"
"66261","66 YOZGAT","Boğazlıyan","Boğazlıyan Vergi Dairesi Müdürlüğü"
"66262","66 YOZGAT","Sorgun","Sorgun Vergi Dairesi Müdürlüğü"
"66263","66 YOZGAT","Yerköy","Yerköy Vergi Dairesi Müdürlüğü"
"66101","66 YOZGAT","Akdağmadeni","Akdağmadeni Malmüdürlüğü"
"66103","66 YOZGAT","Çayıralan","Çayıralan Malmüdürlüğü"
"66104","66 YOZGAT","Çekerek","Çekerek Malmüdürlüğü"
"66105","66 YOZGAT","Sarıkaya","Sarıkaya Malmüdürlüğü"
"66106","66 YOZGAT","Şefaatli","Şefaatli Malmüdürlüğü"
"66109","66 YOZGAT","Aydıncık","Aydıncık Malmüdürlüğü"
"66110","66 YOZGAT","Çandır","Çandır Malmüdürlüğü"
"66111","66 YOZGAT","Kadışehri","Kadışehri Malmüdürlüğü"
"66112","66 YOZGAT","Saraykent","Saraykent Malmüdürlüğü"
"66113","66 YOZGAT","Yenifakılı","Yenifakılı Malmüdürlüğü"
"67201","67 ZONGULDAK","Merkez","Uzunmehmet Vergi Dairesi Müdürlüğü"
"67280","67 ZONGULDAK","Merkez","Kara Elmas Vergi Dairesi Müdürlüğü"
"67261","67 ZONGULDAK","Ereğli","Ereğli Vergi Dairesi Müdürlüğü"
"67263","67 ZONGULDAK","Çaycuma","Çaycuma Vergi Dairesi Müdürlüğü"
"67264","67 ZONGULDAK","Devrek","Devrek Vergi Dairesi Müdürlüğü"
"67110","67 ZONGULDAK","Alaplı","Alaplı Malmüdürlüğü"
"67113","67 ZONGULDAK","Gökçebey","Gökçebey Malmüdürlüğü"
"68201","68 AKSARAY","Merkez","Aksaray Vergi Dairesi Müdürlüğü"
"68101","68 AKSARAY","Ağaçören","Ağaçören Malmüdürlüğü"
"68102","68 AKSARAY","Güzelyurt","Güzelyurt Malmüdürlüğü"
"68103","68 AKSARAY","Ortaköy","Ortaköy Malmüdürlüğü"
"68104","68 AKSARAY","Sarıyahşi","Sarıyahşi Malmüdürlüğü"
"68105","68 AKSARAY","Eskil","Eskil Malmüdürlüğü"
"68106","68 AKSARAY","Gülağaç","Gülağaç Malmüdürlüğü"
"69201","69 BAYBURT","Merkez","Bayburt Vergi Dairesi Müdürlüğü"
"69101","69 BAYBURT","Aydıntepe","Aydıntepe Malmüdürlüğü"
"69102","69 BAYBURT","Demirözü","Demirözü Malmüdürlüğü"
"70201","70 KARAMAN","Merkez","Karaman Vergi Dairesi Müdürlüğü"
"70101","70 KARAMAN","Ayrancı","Ayrancı Malmüdürlüğü"
"70102","70 KARAMAN","Ermenek","Ermenek Malmüdürlüğü"
"70103","70 KARAMAN","Kazım Karabekir","Kazım Karabekir Malmüdürlüğü"
"70104","70 KARAMAN","Başyayla","Başyayla Malmüdürlüğü"
"70105","70 KARAMAN","Sarıveliler","Sarıveliler Malmüdürlüğü"
"71201","71 KIRIKKALE","Merkez","Irmak Vergi Dairesi Müdürlüğü"
"71202","71 KIRIKKALE","Merkez","Kaletepe Vergi Dairesi Müdürlüğü"
"71101","71 KIRIKKALE","Delice","Delice Malmüdürlüğü"
"71102","71 KIRIKKALE","Keskin","Keskin Malmüdürlüğü"
"71103","71 KIRIKKALE","Sulakyurt","Sulakyurt Malmüdürlüğü"
"71105","71 KIRIKKALE","Balışeyh","Balışeyh Malmüdürlüğü"
"71106","71 KIRIKKALE","Çelebi","Çelebi Malmüdürlüğü"
"71107","71 KIRIKKALE","Karakeçili","Karakeçili Malmüdürlüğü"
"72260","72 BATMAN","Merkez","Batman Vergi Dairesi Müdürlüğü"
"72101","72 BATMAN","Beşiri","Beşiri Malmüdürlüğü"
"72102","72 BATMAN","Gercüş","Gercüş Malmüdürlüğü"
"72103","72 BATMAN","Hasankeyf","Hasankeyf Malmüdürlüğü"
"72104","72 BATMAN","Kozluk","Kozluk Malmüdürlüğü"
"72105","72 BATMAN","Sason","Sason Malmüdürlüğü"
"73260","73 ŞIRNAK","Merkez","Şırnak Vergi Dairesi Müdürlüğü"
"73261","73 ŞIRNAK","Cizre","Cizre Vergi Dairesi Müdürlüğü"
"73262","73 ŞIRNAK","Silopi","Silopi Vergi Dairesi Müdürlüğü"
"73101","73 ŞIRNAK","Beytüşşebap","Beytüşşebap Malmüdürlüğü"
"73103","73 ŞIRNAK","Güçlükonak","Güçlükonak Malmüdürlüğü"
"73104","73 ŞIRNAK","İdil","İdil Malmüdürlüğü"
"73106","73 ŞIRNAK","Uludere","Uludere Malmüdürlüğü"
"74260","74 BARTIN","Merkez","Bartın Vergi Dairesi Müdürlüğü"
"74101","74 BARTIN","Amasra","Amasra Malmüdürlüğü"
"74102","74 BARTIN","Kurucaşile","Kurucaşile Malmüdürlüğü"
"74103","74 BARTIN","Ulus","Ulus Malmüdürlüğü"
"75201","75 ARDAHAN","Merkez","Ardahan Vergi Dairesi Müdürlüğü"
"75101","75 ARDAHAN","Çıldır","Çıldır Malmüdürlüğü"
"75102","75 ARDAHAN","Damal","Damal Malmüdürlüğü"
"75103","75 ARDAHAN","Göle","Göle Malmüdürlüğü"
"75104","75 ARDAHAN","Hanak","Hanak Malmüdürlüğü"
"75105","75 ARDAHAN","Posof","Posof Malmüdürlüğü"
"76201","76 IĞDIR","Merkez","Iğdır Vergi Dairesi Müdürlüğü"
"76101","76 IĞDIR","Aralık","Aralık Malmüdürlüğü"
"76102","76 IĞDIR","Karakoyunlu","Karakoyunlu Malmüdürlüğü"
"76103","76 IĞDIR","Tuzluca","Tuzluca Malmüdürlüğü"
"77201","77 YALOVA","Merkez","Yalova Vergi Dairesi Müdürlüğü"
"77101","77 YALOVA","Altınova","Altınova Malmüdürlüğü"
"77102","77 YALOVA","Armutlu","Armutlu Malmüdürlüğü"
"77103","77 YALOVA","Çınarcık","Çınarcık Malmüdürlüğü"
"78201","78 KARABÜK","Merkez","Karabük Vergi Dairesi Müdürlüğü"
"78260","78 KARABÜK","Safranbolu","Safranbolu Vergi Dairesi Müdürlüğü"
"78101","78 KARABÜK","Eflani","Eflani Malmüdürlüğü"
"78102","78 KARABÜK","Eskipazar","Eskipazar Malmüdürlüğü"
"78103","78 KARABÜK","Ovacık","Ovacık Malmüdürlüğü"
"78105","78 KARABÜK","Yenice","Yenice Malmüdürlüğü"
"79201","79 KİLİS","Merkez","Kilis Vergi Dairesi Müdürlüğü"
"80201","80 OSMANİYE","Merkez","Osmaniye Vergi Dairesi Müdürlüğü"
"80260","80 OSMANİYE","Kadirli","Kadirli Vergi Dairesi Müdürlüğü"
"80101","80 OSMANİYE","Bahçe","Bahçe  Malmüdürlüğü"
"80102","80 OSMANİYE","Düziçi","Düziçi Malmüdürlüğü"
"80104","80 OSMANİYE","Hasanbeyli","Hasanbeyli Malmüdürlüğü"
"80105","80 OSMANİYE","Sumbas","Sumbas Malmüdürlüğü"
"80106","80 OSMANİYE","Toprakkale","Toprakkale Malmüdürlüğü"
"81260","81 DÜZCE","Merkez","Düzce Vergi Dairesi Müdürlüğü"
"81261","81 DÜZCE","Akçakoca","Akçakoca Vergi Dairesi Müdürlüğü"
"81102","81 DÜZCE","Cumayeri","Cumayeri Malmüdürlüğü"
"81103","81 DÜZCE","Çilimli","Çilimli Malmüdürlüğü"
"81104","81 DÜZCE","Gölyaka","Gölyaka Malmüdürlüğü"
"81105","81 DÜZCE","Gümüşova","Gümüşova Malmüdürlüğü"
"81106","81 DÜZCE","Kaynaşlı","Kaynaşlı Malmüdürlüğü"
"81107","81 DÜZCE","Yığılca","Yığılca Malmüdürlüğü"
